exception_code,deal_id,approved_rate_pct,status,effective_from,effective_to
EXC-VP-01,DEAL-002,5,expired,2025-01-01,2025-12-31
EXC-VP-02,DEAL-007,6.0,active,2026-04-01,2026-09-30
EXC-VP-03,DEAL-015,5,active,2026-01-01,2026-05-31
EXC-VP-04,DEAL-017,2,active,2026-06-01,2026-12-31
EXC-VP-07,DEAL-013,6,active,2026-06-15,2026-12-31
EXC-VP-05,DEAL-013,6,pending,2026-06-01,2026-12-31
EXC-VP-06,deal-028,5,active,2026-05-01,2026-10-31
EXC-VP-08,DEAL-108,5,active,2026-01-01,2026-06-29
EXC-VP-09,DEAL-114,6,active,2026-03-01,2026-12-31
